{
	"flag": "S",
	"msg": "",
	"code": "",
	"data": {
		"totalRpyAmt": "123",
		"totalRpyOint": "12",
		"maxBucket": "M2",
		"loanList": [
		{
			"loanNo": "112",
			"loanAmt": "1",
			"overdueDays": "5",
			"prinAmt": "1",
			"intAmt": "1",
			"ointAmt": "1",
			"freeIntAmt": "1",
			"poManFee": "1",
			"rpManFee": "1",
			"rpyType": "01",
			"bucket": "M2",
			"rpyTypeName": "等额本金",
			"isOnPassage": "Y",
			"dateInst": "2015-03-28",
			"dateEnd": "2015-04-28"
		},{
			"loanNo": "111",
			"loanAmt": "1",
			"overdueDays": "5",
			"prinAmt": "1",
			"intAmt": "1",
			"ointAmt": "1",
			"freeIntAmt": "1",
			"poManFee": "1",
			"rpManFee": "1",
			"rpyType": "01",
			"bucket": "M2",
			"rpyTypeName": "等额本金",
			"isOnPassage": "Y",
			"dateInst": "2015-03-28",
			"dateEnd": "2015-04-28"
		}]


	}
}