{
    "flag": "S",
    "msg": "",
    "code": "",
    "data": {
        "refundWays": [{
	        "refundWayCode": "1",
	        "refundWayName": "等额本金"
        }, {
	        "refundWayCode": "2",
	        "refundWayName": "先息后本"
        }],
	    "loanTerms": [{
		    "loanTermCode": "1",
		    "loanTermName": "1期"
	    }, {
		    "loanTermCode": "3",
		    "loanTermName": "3期"
	    }, {
		    "loanTermCode": "6",
		    "loanTermName": "6期"
	    }, {
		    "loanTermCode": "9",
		    "loanTermName": "9期"
	    }, {
		    "loanTermCode": "12",
		    "loanTermName": "12期"
	    }, {
		    "loanTermCode": "18",
		    "loanTermName": "18期"
	    }, {
		    "loanTermCode": "20",
		    "loanTermName": "20期"
	    }],
	    "loanCards": [{
		    "cardId": "0001",
		    "maskCardNo": "***********2345",
		    "bankName": "招商银行",
		    "bankCode": "zs",
		    "refundFlag": "Y",
		    "loanFlag": "N"
	    }, {
		    "cardId": "0002",
		    "maskCardNo": "***********2345",
		    "bankName": "农业银行",
		    "bankCode": "ny",
		    "refundFlag": "N",
		    "loanFlag": "Y"
	    }],
	    "dailyRate": "0.03%",
	    "stepAmt": "10000"
    }
}