{
	"flag": "S",
	"msg": "",
	"data": {
		"loanList": [{
			"loanAmt": "1000",
			"billDate": "2016-6-25",
			"loanStateDesc": "申请中",
			"loanNo": "1",
			"loanState" :"APPL"
		}, {
			"loanAmt": "1000",
			"billDate": "2016-6-25",
			"loanStateDesc": "使用中",
			"loanNo": "1",
			"loanState" :"APPL1"
		}, {
			"loanAmt": "1000",
			"billDate": "2016-6-25",
			"loanStateDesc": "已还清",
			"loanNo": "1",
			"loanState" :"APPL3"
		}, {
			"loanAmt": "1000",
			"billDate": "2016-6-25",
			"loanStateDesc": "已逾期",
			"loanNo": "1",
			"loanState" :"APPL2"
		}]
	}
}