{
    "flag": "S",
    "msg": "",
    "code": "",
    "data": {
        "applNo": "100000000001",
        "flowNo": "100000000001",
        "custNo": "100000000001",
        "nodeNo": "1",
	    "productCode": "10001",
	    "dateAppl": "2016/06/23",
	    "jumpUrl": "/complement_live_address.html",
	    "apvAmt": "5000",
	    "acctNo": "",
        "applStatus": "APL",
        "applStatusDesc": "申请中",
        "nextCommitFlag": "N",
        "promotionFlag": "N",
        "segmentInfoList": {
            "segmentName": "人脸识别",
            "segmentCode": "FACE"
        }
    }
}