{
	"flag": "S",
	"msg": "",
	"code": "",
	"data": {
		"loanList": [
		{
			"loanNo": "1000",
			"loanAmt": "1000",
			"rpyDay": "2016-05-28",
			"loanBal": "100000",
			"leftTerm": "1000",
			"intAmt": "1000",
			"freeIntAmt": "-1000",
			"poManFee": "1000",
			"rpManFee": "1000",
			"rpyType": "1000",
			"dateInst": "2016-03-28",
			"dateEnd": "2016-04-28",
			"payStatus": "0"
		},
		{
			"loanNo": "2000",
			"loanAmt": "2000",
			"rpyDay": "2016-05-28",
			"loanBal": "2000",
			"leftTerm": "2000",
			"intAmt": "2000",
			"freeIntAmt": "-2000",
			"poManFee": "2000",
			"rpManFee": "2000",
			"rpyType": "2000",
			"dateInst": "2016-04-28",
			"dateEnd": "2016-05-28",
			"payStatus": "1"
		},
		{
			"loanNo": "3000",
			"loanAmt": "3000",
			"rpyDay": "2016-05-28",
			"loanBal": "3000",
			"leftTerm": "3000",
			"intAmt": "3000",
			"freeIntAmt": "-3000",
			"poManFee": "3000",
			"rpManFee": "3000",
			"rpyType": "3000",
			"dateInst": "2016-04-28",
			"dateEnd": "2016-05-28",
			"payStatus": "0"
		}]
	}
}