{
	"flag": "S",
	"msg": "",
	"data": {
		"leftRefundTotalAmt":"6500",
		"totalInterest":"300",
		"eachRefundAmt":"1000",
		"refundPlan":[{
			"refundDate":"2016.07.10",
			"refundAmt":"99.99",
			"refundPrinAmt":"88.22",
			"interest":"11",
			"manFee":"0.77"
			},{
			"refundDate":"2016.07.10",
			"refundAmt":"100",
			"refundPrinAmt":"88.0",
			"interest":"11.0",
			"manFee":"0.77"},{
			"refundDate":"2016.07.10",
			"refundAmt":"100",
			"refundPrinAmt":"88.0",
			"interest":"11.0",
			"manFee":"0.77"},{
			"refundDate":"2016.07.10",
			"refundAmt":"100",
			"refundPrinAmt":"88.0",
			"interest":"11.0",
			"manFee":"0.77"},{
			"refundDate":"2016.07.10",
			"refundAmt":"100",
			"refundPrinAmt":"88.0",
			"interest":"11.0",
			"manFee":"0.77"},{
			"refundDate":"2016.07.10",
			"refundAmt":"100",
			"refundPrinAmt":"88.0",
			"interest":"11.0",
			"manFee":"0.77"}]
	}
}