{
	"flag": "S",
	"msg": "",
	"code": "",
	"data": {
		"totalRpyAmt": "12",
		"freeIntAmt": "11",
		"rpyAcct": "0555",
		"rpyBank": "招商银行",
		"bankCode": "001",
		"rpyDate": "2016-05-28",
		"loanList": [
		{
			"loanNo": "111",
			"loanAmt": "1",
			"curInstNo": "10",
			"rpyAmt": "1",
			"loanDate": "2016-05-28",
			"prinAmt": "1",
			"intAmt": "1",
			"freeIntAmt": "-1",
			"poManFee": "1",
			"rpManFee": "1",
			"rpyType": "等额本金",
			"rpyTypeName": "等额本金",
			"dateInst": "2015-03-28",
			"dateEnd": "2015-04-28"
		},
		{
			"loanNo": "222",
			"loanAmt": "2",
			"curInstNo": "20",
			"rpyAmt": "2",
			"loanDate": "2016-05-28",
			"prinAmt": "2",
			"intAmt": "2",
			"freeIntAmt": "-2",
			"poManFee": "2",
			"rpManFee": "2",
			"rpyType": "等额本金",
			"rpyTypeName": "等额本金",
			"dateInst": "2015-03-28",
			"dateEnd": "2015-03-28"
		}]


	}
}