{
    "flag": "S",
    "msg": "",
    "code": "",
    "data": {
        "applNo": "100000000001",
        "flowNo": "100000000001",
        "custNo": "100000000001",
        "nodeNo": "1",
	    "productCode": "10001",
	    "dateAppl": "2016/06/23",
	    "jumpUrl": "/bind_card.html",
	    "apvAmt": "5000",
	    "acctNo": "",
        "applStatus": "APL",
        "applStatusDesc": "申请中",
        "nextCommitFlag": "N",
        "promotionFlag": "N",
        "segmentInfoList": {
            "segmentName": "身份验证",
            "segmentCode": "IDENTITY",
            "segmentValue": {
	            "name": "潘安娜",
	            "idType": "01",
	            "idNumber": "371622199009113260"
            }
        }
    }
}