{
    "flag": "S",
    "msg": "",
    "code": "",
    "data": {
        "applNo": "100000000001",
        "flowNo": "100000000001",
        "custNo": "100000000001",
        "nodeNo": "1",
	    "productCode": "10001",
	    "dateAppl": "2016/06/23",
	    "jumpUrl": "/face_recognition.html",
	    "apvAmt": "5000",
	    "acctNo": "",
        "applStatus": "APL",
        "applStatusDesc": "申请中",
        "nextCommitFlag": "N",
        "promotionFlag": "N",
        "segmentInfoList": {
            "segmentName": "银行卡绑定",
            "segmentCode": "CARD",
            "segmentValue": {
	            "name": "潘安娜",
	            "cardNo": "6226098776544152",
	            "mobileNo": "13137769876",
	            "smsCode": "908176"
            }
        }
  }
}