{
    "flag": "S",
    "msg": "",
    "code": "",
    "data": {
        "cardList": [{
            "cardId": "0001",
            "cardNo":"555778990166122334",
            "maskCardNo": "***********2334",
            "bankName": "招商银行",
            "bankCode": "0015",
            "refundFlag": "Y",
            "loanFlag": "N"
        }, {
            "cardId": "0002",
            "cardNo":"777888999660001112",
            "maskCardNo": "***********1112",
            "bankName": "农业银行",
            "bankCode": "0002",
            "refundFlag": "N",
            "loanFlag": "Y"
        }]
    }
}