{
	"flag": "S",
	"msg": "",
	"data": {
		"loanAmt": "10001",
		"receiveBank":"招商银行1",
		"receiveCardNoSuffix":"25451",
		"dailyRate":"0.031%",
		"freeIntDays":"11",
		"firstRpyDate":"2016.07.11",
		"loanCustName":"张三丰1",
		"loanCustIdNo":"1232****5451",
		"rpyDate":"21",
		"totalInstPeriods":"11",
		"refundBank":"农业银行1",
		"refundCardNoSuffix":"8951",
		"lendingParty":"工商银行1",
		"rpyType":"等额本金1",
		"dateInst":"2016.07.01",
		"dateEnd":"2017.07.01",
		"notReturnAmt":"6001",
		"freeIntAmt":"31",
		"rpyAmt":"601",
		"overdueIntAmt":"51",
		"totalPrinAmt": "300",
		"esCount": "3",
		"curRpyAmt": "155.3"
    }	
}