{
    "totalPage": 2,
    "pageNo": 1,
    "count": 10,
    "list": [
        {
            "id": "131e0045952c48e4b8e7925dd95afb58",
            "isNewRecord": false,
            "createDate": "2017-01-12 16:28:21",
            "updateDate": "2017-01-12 18:56:08",
            "proUrl": "https://jie.360.cn",
            "proName": "测试产品",
            "proLogo": "https://res.360jie.com.cn/mkt/2017/01/9228c9596cb7480ca26e3d910dca51b5.png",
            "proDescription": "测试产品",
            "priority": 1,
            "paramsMapping": "{\"clientIdentify\":\"\",\"systemModel\":\"\",\"name\":\"\",\"platformCode\":\"\",\"lat\":\"\",\"lng\":\"\",\"systemPhone\":\"\",\"userId\":\"\"}",
            "displayStatus": "1",
            "clickMax": "",
            "regMax": ""
        },
        {
            "id": "c004e357b5954e1c927e394e0c36ab7f",
            "isNewRecord": false,
            "createDate": "2017-01-12 16:29:49",
            "updateDate": "2017-01-12 18:46:44",
            "proUrl": "http://www.webank.com/",
            "proName": "微粒贷",
            "proLogo": "https://res.360jie.com.cn/mkt/2017/01/06412b81a8784cf8976cbeb7c3ff2fd6.png",
            "proDescription": "微粒贷",
            "priority": 2,
            "paramsMapping": "{\"clientIdentify\":\"\",\"systemModel\":\"\",\"name\":\"\",\"platformCode\":\"\",\"lat\":\"\",\"lng\":\"\",\"systemPhone\":\"\",\"userId\":\"\"}",
            "displayStatus": "1",
            "clickMax": "",
            "regMax": ""
        },
        {
            "id": "1cce27da26934637beed4e9d2f2318a8",
            "isNewRecord": false,
            "createDate": "2017-01-12 16:32:58",
            "updateDate": "2017-01-12 18:46:54",
            "proUrl": "http://www.jd.com",
            "proName": "京东贷",
            "proLogo": "https://res.360jie.com.cn/mkt/2017/01/249ea1ff62454615a37643445e816de0.jpg",
            "proDescription": "京东贷",
            "priority": 3,
            "paramsMapping": "{\"clientIdentify\":\"\",\"systemModel\":\"\",\"name\":\"\",\"platformCode\":\"\",\"lat\":\"\",\"lng\":\"\",\"systemPhone\":\"\",\"userId\":\"\"}",
            "displayStatus": "1",
            "clickMax": "",
            "regMax": ""
        },
        {
            "id": "a48890018420470dad4845698468c256",
            "isNewRecord": false,
            "createDate": "2017-01-12 16:32:20",
            "updateDate": "2017-01-12 18:47:57",
            "proUrl": "http://www.360.cn",
            "proName": "360金融",
            "proLogo": "https://res.360jie.com.cn/mkt/2017/01/169542339c3546ed8a7fde19b4126d12.jpg",
            "proDescription": "360金融",
            "priority": 6,
            "paramsMapping": "{\"clientIdentify\":\"\",\"systemModel\":\"\",\"name\":\"\",\"platformCode\":\"\",\"lat\":\"\",\"lng\":\"\",\"systemPhone\":\"\",\"userId\":\"\"}",
            "displayStatus": "1",
            "clickMax": "",
            "regMax": ""
        },
        {
            "id": "ebb74bb4c85343b996d6a5292ce47061",
            "isNewRecord": false,
            "createDate": "2017-01-12 16:34:52",
            "updateDate": "2017-01-12 18:49:28",
            "proUrl": "http://www.360.cn",
            "proName": "晋管借",
            "proLogo": "https://res.360jie.com.cn/mkt/2017/01/7bf9e4e786c443608615774f3ec55e50.jpg",
            "proDescription": "晋管借",
            "priority": 7,
            "paramsMapping": "{\"clientIdentify\":\"\",\"systemModel\":\"\",\"name\":\"\",\"platformCode\":\"\",\"lat\":\"\",\"lng\":\"\",\"systemPhone\":\"\",\"userId\":\"\"}",
            "displayStatus": "1",
            "regAmount": 777777,
            "clickAmount": 7777777,
            "clickMax": "",
            "regMax": ""
        },
        {
            "id": "fe29787674f7402480e17e451a264fbb",
            "isNewRecord": false,
            "createDate": "2017-01-12 16:39:07",
            "updateDate": "2017-01-12 18:50:06",
            "proUrl": "http://www.360.cn",
            "proName": "360浏览器",
            "proLogo": "https://res.360jie.com.cn/mkt/2017/01/02cac0219dc94507a69ad22f09936810.jpg",
            "proDescription": "360浏览器",
            "priority": 8,
            "paramsMapping": "{\"clientIdentify\":\"\",\"systemModel\":\"\",\"name\":\"\",\"platformCode\":\"\",\"lat\":\"\",\"lng\":\"\",\"systemPhone\":\"\",\"userId\":\"\"}",
            "displayStatus": "1",
            "regAmount": 8888,
            "clickAmount": 8888,
            "clickMax": "1",
            "regMax": "1"
        },
        {
            "id": "eff5d210146f476b8cde919cd9dd5ea7",
            "isNewRecord": false,
            "createDate": "2017-01-12 16:43:05",
            "updateDate": "2017-01-12 18:50:45",
            "proUrl": "http://shouji.360.cn/index.html",
            "proName": "360手机卫士",
            "proLogo": "https://res.360jie.com.cn/mkt/2017/01/95c66a4b963e47c59a23e957ec72db50.jpg",
            "proDescription": "360手机卫士",
            "priority": 9,
            "paramsMapping": "{\"clientIdentify\":\"\",\"systemModel\":\"\",\"name\":\"\",\"platformCode\":\"\",\"lat\":\"\",\"lng\":\"\",\"systemPhone\":\"\",\"userId\":\"\"}",
            "displayStatus": "1",
            "regAmount": 9999,
            "clickAmount": 9999,
            "clickMax": "",
            "regMax": ""
        },
        {
            "id": "707b135fc22d48b091e151f9f6383df4",
            "isNewRecord": false,
            "createDate": "2017-01-12 16:44:46",
            "updateDate": "2017-01-12 18:51:19",
            "proUrl": "http://sd.360.cn/",
            "proName": "360杀毒",
            "proLogo": "https://res.360jie.com.cn/mkt/2017/01/df36ab89b50844ecb862e2c65ddb8f06.jpg",
            "proDescription": "360",
            "priority": 10,
            "paramsMapping": "{\"clientIdentify\":\"\",\"systemModel\":\"\",\"name\":\"\",\"platformCode\":\"\",\"lat\":\"\",\"lng\":\"\",\"systemPhone\":\"\",\"userId\":\"\"}",
            "displayStatus": "1",
            "clickAmount": 121212,
            "clickMax": "",
            "regMax": ""
        },
        {
            "id": "b93d7696cb7f4628a987170c02713dcf",
            "isNewRecord": false,
            "createDate": "2017-01-12 16:48:44",
            "updateDate": "2017-01-12 18:52:09",
            "proUrl": "http://mall.360.cn/",
            "proName": "360商城",
            "proLogo": "https://res.360jie.com.cn/mkt/2017/01/b6f4d4ae50a84e3eb891dc1ddf3cb0db.jpg",
            "proDescription": "360商城",
            "priority": 11,
            "paramsMapping": "{\"clientIdentify\":\"1111\",\"systemModel\":\"11111\",\"name\":\"\",\"platformCode\":\"\",\"lat\":\"\",\"lng\":\"\",\"systemPhone\":\"\",\"userId\":\"\"}",
            "displayStatus": "1",
            "regAmount": 11111,
            "clickAmount": 11111,
            "clickMax": "2",
            "regMax": "2"
        },
        {
            "id": "583e415f7aa24bbf903717c0a9b3ce44",
            "isNewRecord": false,
            "createDate": "2017-01-12 18:39:13",
            "updateDate": "2017-01-12 18:52:55",
            "proUrl": "http://www.baidu.com",
            "proName": "百度",
            "proLogo": "https://res.360jie.com.cn/mkt/2017/01/7c1fcb57910d4c60b5cac0f2593b5557.jpg",
            "proDescription": "百度",
            "priority": 13,
            "paramsMapping": "{\"clientIdentify\":\"\",\"systemModel\":\"\",\"name\":\"\",\"platformCode\":\"\",\"lat\":\"\",\"lng\":\"\",\"systemPhone\":\"\",\"userId\":\"\"}",
            "displayStatus": "1",
            "regAmount": 12121,
            "clickAmount": 21221,
            "clickMax": "",
            "regMax": ""
        }
    ]
}
