{
  "flag": "S",
  "msg": "",
  "code": "",
  "data": {
    "divisionList1": [
      {
        "code": "01",
        "name": "广东省",
        "fullname": "",
        "level": "1",
        "parentCode": "0"
      },
      {
        "code": "02",
        "name": "湖南省",
        "fullname": "",
        "level": "1",
        "parentCode": "0"
      },
      {
        "code": "03",
        "name": "湖北省",
        "fullname": "",
        "level": "1",
        "parentCode": "0"
      },
      {
        "code": "04",
        "name": "江西省",
        "fullname": "",
        "level": "1",
        "parentCode": "0"
      },
      {
        "code": "05",
        "name": "山东省",
        "fullname": "",
        "level": "1",
        "parentCode": "0"
      }
    ],
    "divisionList2": [
      {
        "code": "01",
        "name": "深圳市",
        "fullname": "",
        "level": "2",
        "parentCode": "0"
      },
      {
        "code": "02",
        "name": "韶关市",
        "fullname": "",
        "level": "2",
        "parentCode": "0"
      },
      {
        "code": "03",
        "name": "湛江市",
        "fullname": "",
        "level": "2",
        "parentCode": "0"
      },
      {
        "code": "04",
        "name": "广州市",
        "fullname": "",
        "level": "2",
        "parentCode": "0"
      },
      {
        "code": "05",
        "name": "东莞市",
        "fullname": "",
        "level": "2",
        "parentCode": "0"
      }
    ],
    "divisionList": [
      {
        "code": "01",
        "name": "福田区",
        "fullname": "",
        "level": "3",
        "parentCode": "0"
      },
      {
        "code": "02",
        "name": "南山区",
        "fullname": "",
        "level": "3",
        "parentCode": "0"
      },
      {
        "code": "03",
        "name": "宝安区",
        "fullname": "",
        "level": "3",
        "parentCode": "0"
      },
      {
        "code": "04",
        "name": "龙华区",
        "fullname": "",
        "level": "3",
        "parentCode": "0"
      },
      {
        "code": "05",
        "name": "罗湖区",
        "fullname": "",
        "level": "3",
        "parentCode": "0"
      }
    ]
  }
}