{
    "flag": "S",
    "msg": "",
    "code": "",
    "data": {
        "mcMsgList": [
            {
                "mcMsgNo": "POPUP21829484051",
                "mcMsgType": "NOTICE",
                "mcMsgTitle": "消息中心-简单消息-1",
                "mcMsgContent": "content",
                "mcMsgMsgDetail": "",
                "dateGen": "2017-08-19 14:49:36",
                "mcMsgLink": "",
                "readState": "UNREAD"
            }, {
                "mcMsgNo": "POPUP21829484052",
                "mcMsgType": "NOTICE",
                "mcMsgTitle": "消息中心-链接消息-1",
                "mcMsgContent": "content",
                "mcMsgMsgDetail": "",
                "dateGen": "2017-06-28 14:49:36",
                "mcMsgLink": "https://www.baidu.com",
                "readState": "UNREAD"
            }, {
                "mcMsgNo": "POPUP21829484053",
                "mcMsgType": "NOTICE",
                "mcMsgTitle": "消息中心-链接消息-2",
                "mcMsgContent": "content",
                "mcMsgMsgDetail": "",
                "dateGen": "2017-07-28 14:49:36",
                "mcMsgLink": "https://www.baidu.com",
                "readState": "UNREAD"
            }, {
                "mcMsgNo": "POPUP21829484054",
                "mcMsgType": "NOTICE",
                "mcMsgTitle": "消息中心-链接消息-3",
                "mcMsgContent": "content",
                "mcMsgMsgDetail": "",
                "dateGen": "2017-07-28 14:49:36",
                "mcMsgLink": "https://www.baidu.com",
                "readState": "UNREAD"
            }, {
                "mcMsgNo": "POPUP21829484055",
                "mcMsgType": "NOTICE",
                "mcMsgTitle": "消息中心-链接消息-4",
                "mcMsgContent": "content",
                "mcMsgMsgDetail": "",
                "dateGen": "2017-07-28 14:49:36",
                "mcMsgLink": "https://www.baidu.com",
                "readState": "UNREAD"
            }, {
                "mcMsgNo": "POPUP21829484056",
                "mcMsgType": "NOTICE",
                "mcMsgTitle": "消息中心-链接消息-5",
                "mcMsgContent": "content",
                "mcMsgMsgDetail": "",
                "dateGen": "2017-07-28 14:49:36",
                "mcMsgLink": "https://www.baidu.com",
                "readState": "UNREAD"
            }, {
                "mcMsgNo": "POPUP21829484057",
                "mcMsgType": "NOTICE",
                "mcMsgTitle": "消息中心-链接消息-6",
                "mcMsgContent": "content",
                "mcMsgMsgDetail": "",
                "dateGen": "2017-07-28 14:49:36",
                "mcMsgLink": "https://www.baidu.com",
                "readState": "UNREAD"
            }, {
                "mcMsgNo": "POPUP21829484058",
                "mcMsgType": "NOTICE",
                "mcMsgTitle": "消息中心-链接消息-7",
                "mcMsgContent": "content",
                "mcMsgMsgDetail": "",
                "dateGen": "2017-07-28 14:49:36",
                "mcMsgLink": "https://www.baidu.com",
                "readState": "UNREAD"
            }, {
                "mcMsgNo": "POPUP21829484059",
                "mcMsgType": "NOTICE",
                "mcMsgTitle": "消息中心-链接消息-8",
                "mcMsgContent": "content",
                "mcMsgMsgDetail": "",
                "dateGen": "2017-07-28 14:49:36",
                "mcMsgLink": "https://www.baidu.com",
                "readState": "UNREAD"
            }, {
                "mcMsgNo": "POPUP21829484060",
                "mcMsgType": "NOTICE",
                "mcMsgTitle": "消息中心-链接消息-9",
                "mcMsgContent": "content",
                "mcMsgMsgDetail": "",
                "dateGen": "2017-07-28 14:49:36",
                "mcMsgLink": "https://www.baidu.com",
                "readState": "UNREAD"
            }, {
                "mcMsgNo": "POPUP21829484061",
                "mcMsgType": "NOTICE",
                "mcMsgTitle": "消息中心-简单消息-2",
                "mcMsgContent": "content",
                "mcMsgMsgDetail": "",
                "dateGen": "2017-08-14 14:49:36",
                "mcMsgLink": "",
                "readState": "UNREAD"
            }, {
                "mcMsgNo": "POPUP21829484062",
                "mcMsgType": "NOTICE",
                "mcMsgTitle": "消息中心-链接消息-10",
                "mcMsgContent": "content",
                "mcMsgMsgDetail": "",
                "dateGen": "2017-06-28 14:49:36",
                "mcMsgLink": "https://www.baidu.com",
                "readState": "UNREAD"
            }, {
                "mcMsgNo": "POPUP21829484063",
                "mcMsgType": "NOTICE",
                "mcMsgTitle": "消息中心-链接消息-11",
                "mcMsgContent": "content",
                "mcMsgMsgDetail": "",
                "dateGen": "2017-07-28 14:49:36",
                "mcMsgLink": "https://www.baidu.com",
                "readState": "UNREAD"
            }, {
                "mcMsgNo": "POPUP21829484064",
                "mcMsgType": "NOTICE",
                "mcMsgTitle": "消息中心-链接消息-12",
                "mcMsgContent": "content",
                "mcMsgMsgDetail": "",
                "dateGen": "2017-07-28 14:49:36",
                "mcMsgLink": "https://www.baidu.com",
                "readState": "UNREAD"
            }, {
                "mcMsgNo": "POPUP21829484065",
                "mcMsgType": "NOTICE",
                "mcMsgTitle": "消息中心-链接消息-13",
                "mcMsgContent": "content",
                "mcMsgMsgDetail": "",
                "dateGen": "2017-07-28 14:49:36",
                "mcMsgLink": "https://www.baidu.com",
                "readState": "UNREAD"
            }, {
                "mcMsgNo": "POPUP21829484066",
                "mcMsgType": "NOTICE",
                "mcMsgTitle": "消息中心-链接消息-14",
                "mcMsgContent": "content",
                "mcMsgMsgDetail": "",
                "dateGen": "2017-07-28 14:49:36",
                "mcMsgLink": "https://www.baidu.com",
                "readState": "UNREAD"
            }, {
                "mcMsgNo": "POPUP21829484067",
                "mcMsgType": "NOTICE",
                "mcMsgTitle": "消息中心-链接消息-15",
                "mcMsgContent": "content",
                "mcMsgMsgDetail": "",
                "dateGen": "2017-07-28 14:49:36",
                "mcMsgLink": "https://www.baidu.com",
                "readState": "UNREAD"
            }
        ]
    }
}