{
  "flag": "S",
  "msg": "",
  "code": "",
  "data": {
    "logisticsCompany": "顺丰快递",
    "courierNumber": "800000526651",
    "logisticalFlowList": [
      {
        "logisticalInfo": "上海市【Bex上海浦东一部】，签收 已签收",
        "logisticalTime": "2017-5-5 23:11:26"
      },
      {
        "logisticalInfo": "上海市【Bex上海浦东一部】，【王伟021-63241355】正在派件",
        "logisticalTime": "2017-5-5 23:11:25"
      },
      {
        "logisticalInfo": "上海市【Bex上海浦东一部】，【王伟021-63241355】正在派件",
        "logisticalTime": "2017-5-5 23:11:23"
      },
      {
        "logisticalInfo": "上海市【Bex上海浦东一部】，【王伟021-63241355】正在派件",
        "logisticalTime": "2017-5-5 23:11:22"
      },
      {
        "logisticalInfo": "上海市【Bex上海浦东一部】，【王伟021-63241355】正在派件",
        "logisticalTime": "2017-5-5 23:11:21"
      }
    ]
  }
}