{
  "code": "",
  "data": {
    "accAmt": "0",
    "busiData": null,
    "couponInfo": {
      "amount": 650.00,
      "combineType": "",
      "couponDec": "借款成功之后首期实际息费打0折，最高优惠650元，提前还款时息费按照实际产生的利息打折，借款发生逾期时作废",
      "couponEndTime": "2017-07-31",
      "couponName": "40000元首月免息券",
      "couponNo": "",
      "couponStartTime": "2017-06-29",
      "couponStatus": "",
      "couponType": "0004",
      "couponTypeName": "折扣券",
      "deductDesc": "",
      "discount": "0.0",
      "intDays": "0",
      "intPeriod": "1",
      "limitUseDesc": "",
      "loanPeriod": "12",
      "refundMethod": "03",
      "refundMethodName": "",
      "useDays": ""
    },
    "endDate": "2017-07-31",
    "receiveCount": "5910",
    "isReceiveAcc": "Y",
    "isReceiveCoupon": "Y",
    "receiveAmt": "278855.00",
    "startDate": "2017-06-29"
  },
  "flag": "S",
  "msg": ""
}