{
  "flag": "S",
  "msg": "",
  "data": {
    "merchandisePicture": "https://cdn.daikuan.360.cn/pic/6f3765d8bc9c7654d18820a0e66890b5.png",
    "merchandiseNo": "001",
    "merchandiseName": "Apple iPhone 7s",
    "specificInfo": {
      "specificNo": "12",
      "merchandiseColor": "白色",
      "merchandiseVersion": "128G",
      "presentPrice": "2388.00",
      "originPrice": "3000.00",
      "monthlyPrice": "438.24",
      "merchandiseImageList": "",
      "merchandiseState": "1"
    },
    "orderState": "4",
    "afterSaleButtonFlag":"Y",
    "merchandiseCount": "1",
    "orderPrice": "2388.00",
    "orderNo": "6546545",
    "orderTime": "2017-5-21 14:25:23",
    "logisticalInfo": {
      "logisticsCompany": "顺丰物流",
      "courierNumber": "800001154"
    },
    "invoiceInfo": {
      "invoiceTitleType": "单位",
      "invoiceTitleName": "晋商消费金融股份有限公司",
      "invoiceContent": "明细"
    },
    "merchantInfo": {
      "merchantName": "上海嫣源文化传播有限公司",
      "serviceMobile": "021-63241355",
      "serviceTime": "工作日9：30-18:00"
    },
    "couponName": "首期服务免费",
    "loanTerm": "12",
    "monthlyPrice": "438.24",
    "payDate": "5",
    "payPlanList": [
      {
        "dateDue": "2015-5-5",
        "rpyTotalAmt": "23.00",
        "rpyTotalAmtAD": "23.00",
        "prinAmt": "12.00",
        "intAmt": "11.00",
        "manFee": "0.01",
        "deductAmt": "0.02"
      },
      {
        "dateDue": "2015-5-5",
        "rpyTotalAmt": "23.00",
        "rpyTotalAmtAD": "23.00",
        "prinAmt": "12.00",
        "intAmt": "11.00",
        "manFee": "0.01",
        "deductAmt": "0.00"
      },
      {
        "dateDue": "2015-5-5",
        "rpyTotalAmt": "23.00",
        "rpyTotalAmtAD": "23.00",
        "prinAmt": "12.00",
        "intAmt": "11.00",
        "manFee": "0.01",
        "deductAmt": "0.02"
      },
      {
        "dateDue": "2015-5-5",
        "rpyTotalAmt": "23.00",
        "rpyTotalAmtAD": "23.00",
        "prinAmt": "12.00",
        "intAmt": "11.00",
        "manFee": "0.01",
        "deductAmt": "0.02"
      },
      {
        "dateDue": "2015-5-5",
        "rpyTotalAmt": "23.00",
        "rpyTotalAmtAD": "23.00",
        "prinAmt": "12.00",
        "intAmt": "11.00",
        "manFee": "0.01",
        "deductAmt": "0.02"
      },
      {
        "dateDue": "2015-5-5",
        "rpyTotalAmt": "23.00",
        "rpyTotalAmtAD": "23.00",
        "prinAmt": "12.00",
        "intAmt": "11.00",
        "manFee": "0.01",
        "deductAmt": "0.02"
      },
      {
        "dateDue": "2015-5-5",
        "rpyTotalAmt": "23.00",
        "rpyTotalAmtAD": "23.00",
        "prinAmt": "12.00",
        "intAmt": "11.00",
        "manFee": "0.01",
        "deductAmt": "0.02"
      },
      {
        "dateDue": "2015-5-5",
        "rpyTotalAmt": "23.00",
        "rpyTotalAmtAD": "23.00",
        "prinAmt": "12.00",
        "intAmt": "11.00",
        "manFee": "0.01",
        "deductAmt": "0.02"
      },
      {
        "dateDue": "2015-5-5",
        "rpyTotalAmt": "23.00",
        "rpyTotalAmtAD": "23.00",
        "prinAmt": "12.00",
        "intAmt": "11.00",
        "manFee": "0.01",
        "deductAmt": "0.02"
      },
      {
        "dateDue": "2015-5-5",
        "rpyTotalAmt": "23.00",
        "rpyTotalAmtAD": "23.00",
        "prinAmt": "12.00",
        "intAmt": "11.00",
        "manFee": "0.01",
        "deductAmt": "0.02"
      },
      {
        "dateDue": "2015-5-5",
        "rpyTotalAmt": "23.00",
        "rpyTotalAmtAD": "23.00",
        "prinAmt": "12.00",
        "intAmt": "11.00",
        "manFee": "0.01",
        "deductAmt": "0.02"
      },
      {
        "dateDue": "2015-5-5",
        "rpyTotalAmt": "23.00",
        "rpyTotalAmtAD": "23.00",
        "prinAmt": "12.00",
        "intAmt": "11.00",
        "manFee": "0.01",
        "deductAmt": "0.02"
      }
    ],
    "deliveryAddress": {
      "deliveryNo": "2121",
      "mobileNo": "15844562221",
      "custName": "张三李四",
      "receiverProvince": "广东省",
      "receiverProvinceCode": "01",
      "receiverCity": "深圳市",
      "receiverCityCode": "005",
      "receiverDistrictCode": "0006",
      "receiverDistrict": "福田区",
      "deliveryAddress": "上梅林卓越城1期4栋608",
      "defaultFlag": "Y"
    },
    "thirdAddress":""
  }
}