{
  "flag": "S",
  "msg": "",
  "code": "",
  "data": {
    "deliveryAddressList": [
      {
        "deliveryNo": "01",
        "mobileNo": "15814772916",
        "custName": "张三",
        "receiverProvince": "福田区",
        "receiverProvinceCode": "01",
        "receiverCity": "南山区",
        "receiverCityCode": "02",
        "receiverDistrictCode": "03",
        "receiverDistrict": "宝安区",
        "deliveryAddress": "卓越城1期4栋608",
        "defaultFlag": "Y"
      },
      {
        "deliveryNo": "02",
        "mobileNo": "15818792916",
        "custName": "李四",
        "receiverProvince": "湖北省",
        "receiverProvinceCode": "2",
        "receiverCity": "武汉市",
        "receiverCityCode": "02",
        "receiverDistrictCode": "003",
        "receiverDistrict": "武昌区",
        "deliveryAddress": "雄楚大道23号",
        "defaultFlag": "N"
      }
    ]
  }
}