{
	"flag": "S",
	"msg": "",
	"code": "",
	"data": {
		"afterSaleFlowList": [
			{
				"timeDeal": "2016-10-10 11:13:34",
				"remark": "大家好啊"
			},{
				"timeDeal": "2016-10-10 11:13:34",
				"remark": "您的服务单已提交退款申请，您的额度预计1~3个工作日内恢复，已还本金、息费将退还至默认银行卡，如有疑问请联系021-63241355。"
			},{
				"timeDeal": "2016-10-10 11:13:34",
				"remark": "大家好啊"
			}
		],
		"afterSaleNo": "432131313",
		"afterSaleType": "1",
		"state": "1",
		"stateDescribe": "大家伙，我是状态",
		"problemDesc": "产品不符合预期，要求七天无理由退货",
		"auditMessage": "das d",
		"logisticsCompany": "顺丰",
		"courierNumber": "611",
		"logisticsFlag": "Y"
	}
}