{
    "data": {
        "couponList": [{
            "intDays": "7",
            "limitUseDesc": "最高可免5000元利息",
            "couponName": "5000元免息券",
            "amount": "5000.00",
            "deductDesc": "前7日免息",
            "refundMethodDesc": "仅限随借随还使用",
            "couponNo": "68c361dcada54ddfb806839ca3aa39a1",
            "couponTypeName": "免息券",
            "couponEndTime": "2018-03-12",
            "deductAmt": "null",
            "couponType": "0001",
            "couponStartTime": "2017-03-12",
            "couponUseDesc": "00",
            "couponStatus": "2",
            "couponDec": "借款金额≤5000元，享该笔借款前7日免息，若借款金额＞5000元，享该笔借款5000元前7日免息，超出金额正常计算；免息期内提前还款或还款逾期，券自动作废"
        }],
        "payPlanList": [{
            "dateDue": "2017-07-07",
            "rpyTotalAmtAD": "45.97",
            "deductAmt": "0.00",
            "manFee": "0.00",
            "intAmt": "4.30",
            "rpyTotalAmt": "45.97",
            "prinAmt": "41.67"
        },
        {
            "dateDue": "2017-08-07",
            "rpyTotalAmtAD": "45.97",
            "deductAmt": "0.00",
            "manFee": "0.00",
            "intAmt": "4.30",
            "rpyTotalAmt": "45.97",
            "prinAmt": "41.67"
        },
        {
            "dateDue": "2017-09-07",
            "rpyTotalAmtAD": "45.97",
            "deductAmt": "0.00",
            "manFee": "0.00",
            "intAmt": "4.30",
            "rpyTotalAmt": "45.97",
            "prinAmt": "41.67"
        },
        {
            "dateDue": "2017-10-07",
            "rpyTotalAmtAD": "45.97",
            "deductAmt": "0.00",
            "manFee": "0.00",
            "intAmt": "4.30",
            "rpyTotalAmt": "45.97",
            "prinAmt": "41.67"
        },
        {
            "dateDue": "2017-11-07",
            "rpyTotalAmtAD": "45.97",
            "deductAmt": "0.00",
            "manFee": "0.00",
            "intAmt": "4.30",
            "rpyTotalAmt": "45.97",
            "prinAmt": "41.67"
        },
        {
            "dateDue": "2017-12-07",
            "rpyTotalAmtAD": "45.97",
            "deductAmt": "0.00",
            "manFee": "0.00",
            "intAmt": "4.30",
            "rpyTotalAmt": "45.97",
            "prinAmt": "41.67"
        },
        {
            "dateDue": "2018-01-07",
            "rpyTotalAmtAD": "45.97",
            "deductAmt": "0.00",
            "manFee": "0.00",
            "intAmt": "4.30",
            "rpyTotalAmt": "45.97",
            "prinAmt": "41.67"
        },
        {
            "dateDue": "2018-02-07",
            "rpyTotalAmtAD": "45.97",
            "deductAmt": "0.00",
            "manFee": "0.00",
            "intAmt": "4.30",
            "rpyTotalAmt": "45.97",
            "prinAmt": "41.67"
        },
        {
            "dateDue": "2018-03-07",
            "rpyTotalAmtAD": "45.97",
            "deductAmt": "0.00",
            "manFee": "0.00",
            "intAmt": "4.30",
            "rpyTotalAmt": "45.97",
            "prinAmt": "41.67"
        },
        {
            "dateDue": "2018-04-07",
            "rpyTotalAmtAD": "45.97",
            "deductAmt": "0.00",
            "manFee": "0.00",
            "intAmt": "4.30",
            "rpyTotalAmt": "45.97",
            "prinAmt": "41.67"
        },
        {
            "dateDue": "2018-05-07",
            "rpyTotalAmtAD": "45.97",
            "deductAmt": "0.00",
            "manFee": "0.00",
            "intAmt": "4.30",
            "rpyTotalAmt": "45.97",
            "prinAmt": "41.67"
        },
        {
            "dateDue": "2018-06-07",
            "rpyTotalAmtAD": "45.93",
            "deductAmt": "0.00",
            "manFee": "0.00",
            "intAmt": "4.30",
            "rpyTotalAmt": "45.93",
            "prinAmt": "41.63"
        }],
        "rpyDate": "1",
        "deliveryAddress": {
            "deliveryNo": "361154484",
            "mobileNo": "18577774444",
            "custName": "小豬",
            "receiverProvince": "湖南省",
            "receiverCity": "郴州市",
            "receiverDistrict": "苏仙区",
            "deliveryAddress": "珠江橋",
            "defaultFlag": "Y"
        },
        "loanTerm": "12",
        "monthlyPrice": "551.60",
        "termManFee": "10.2",
        "termFee": "0.00860",
        "firstRpyDay": "4月1号",
        "firstPayMoney": "105.1",
        "rpyDate": "1",
        "showAuthFlag": "Y",
        "couponNo": "954444574",
        "applNo": "AP2207423878521884672",
        "contractNo": "2473015342872432640",
        "crawlFlag": "Y"
    },
    "flag": "S"
}
