{
	"flag": "S",
	"msg": "",
	"code": "",
	"data": {
		"merchandiseNo": "4313210131312313",
		"merchandiseName": "Apple iPhone 7 128G 红色特别版 移动联通电信4G手机",
		"loanTerm": "3|6|12",
		"specificInfo":"BLACK-黑色|ROSEGOLD-玫瑰金|GOLD-金色",
		"specificList": [
			{
				"specificNo": "1",
				"merchandiseColor":"黑色",
				"merchandiseVersion":"32G WLAN版",
				"presentPrice":"5799",
				"originPrice":"6255",
				"monthlyPrice": "500",
				"merchandiseImageList":[
					"https://cdn-daikuan.360jie.com.cn/pic/5d316eda31f376ef8ecddbe2b923f16f.png",
					"https://cdn-daikuan.360jie.com.cn/pic/5d316eda31f376ef8ecddbe2b923f16f.png"
				],
				"merchandiseState":"1",
				"parameter": {
					"mainBody": {
						"brand": "苹果",
						"model": "6S",
						"networkModel": "IMS",
						"ListedYear": "2015",
						"ListedMonth": "7"
					},
					"basicInfo": {
						"color": "黑色",
						"size": "64",
						"version": "iphone6s"
					}
				}
			},
			{
				"specificNo": "2",
				"merchandiseColor":"白色",
				"merchandiseVersion":"128G",
				"presentPrice":"6199",
				"originPrice":"6855",
				"monthlyPrice": "700",
				"merchandiseImageList":[
					"https://cdn-daikuan.360jie.com.cn/pic/b34e4bdf2723d123b6d8b90839dc796e.png",
					"https://cdn-daikuan.360jie.com.cn/pic/b34e4bdf2723d123b6d8b90839dc796e.png"
				],
				"merchandiseState":"1",
				"parameter": {
					"mainBody": {
						"brand": "苹果",
						"model": "6S",
						"networkModel": "IMS",
						"ListedYear": "2015",
						"ListedMonth": "7"
					},
					"basicInfo": {
						"color": "白色",
						"size": "128G",
						"version": "iphone6"
					}
				}
			},
			{
				"specificNo": "3",
				"merchandiseColor":"黑色",
				"merchandiseVersion":"256G",
				"presentPrice":"5799",
				"originPrice":"6255",
				"monthlyPrice": "500",
				"merchandiseImageList":[
					"https://cdn-daikuan.360jie.com.cn/pic/5d316eda31f376ef8ecddbe2b923f16f.png",
					"https://cdn-daikuan.360jie.com.cn/pic/5d316eda31f376ef8ecddbe2b923f16f.png"
				],
				"merchandiseState":"1",
				"parameter": {
					"mainBody": {
						"brand": "苹果",
						"model": "6S",
						"networkModel": "IMS",
						"ListedYear": "2015",
						"ListedMonth": "7"
					},
					"basicInfo": {
						"color": "黄色",
						"size": "64",
						"version": "iphone62"
					}
				}
			}
		],
		"tags": ["正品保证","七天退货","闪电发货","提前还款"],
		"introduce": "https://cdn-daikuan.360jie.com.cn/pic/5d316eda31f376ef8ecddbe2b923f16f.png",
		"afterSalePacking": "https://cdn-daikuan.360jie.com.cn/pic/5d316eda31f376ef8ecddbe2b923f16f.png",
		"merchantName": "亚龙科技",
		"serviceMobile": "020-14051231",
		"serviceTime": "9:00-23:00"
	}
}