{
  "flag": "S",
  "msg": "",
  "code": "",
  "data": {
    "orderList": [
      {
        "orderNo": "01",
        "merchandiseNo": "001",
        "specificNo": "0001",
        "merchandisePicture": "https://cdn.daikuan.360.cn/pic/6f3765d8bc9c7654d18820a0e66890b5.png",
        "merchandiseName": "A Apple iPhone 7 128G 红色特别版 移动联通电信4G手机",
        "orderTime": "2017-5-6 23:25:21",
        "merchandiseCount": "5",
        "loanTerm": "12",
        "orderAmount": "5000.00",
        "orderState": "A",
        "afterSaleButtonFlag":"Y"
      },
      {
        "orderNo": "01",
        "merchandiseNo": "001",
        "specificNo": "0001",
        "merchandisePicture": "https://cdn.daikuan.360.cn/pic/6f3765d8bc9c7654d18820a0e66890b5.png",
        "merchandiseName": "0 Apple iPhone 7 128G 红色特别版 移动联通电信4G手机",
        "orderTime": "2017-5-6 23:25:21",
        "merchandiseCount": "5",
        "loanTerm": "12",
        "orderAmount": "5000.00",
        "orderState": "0",
        "afterSaleButtonFlag":"Y"
      },
      {
        "orderNo": "02",
        "merchandiseNo": "001",
        "specificNo": "0001",
        "merchandisePicture": "https://cdn.daikuan.360.cn/pic/6f3765d8bc9c7654d18820a0e66890b5.png",
        "merchandiseName": "1 oppo r9",
        "orderTime": "2015-12-6 11:33:21",
        "merchandiseCount": "5",
        "loanTerm": "12",
        "orderAmount": "5000.00",
        "orderState": "1",
        "afterSaleButtonFlag":"Y"
      },
      {
        "orderNo": "03",
        "merchandiseNo": "001",
        "specificNo": "0001",
        "merchandisePicture": "https://cdn.daikuan.360.cn/pic/6f3765d8bc9c7654d18820a0e66890b5.png",
        "merchandiseName": "2 nokia 957",
        "orderTime": "2017-1-8 23:25:21",
        "merchandiseCount": "5",
        "loanTerm": "12",
        "orderAmount": "5000.00",
        "orderState": "2",
        "afterSaleButtonFlag":"Y"
      },
      {
        "orderNo": "03",
        "merchandiseNo": "001",
        "specificNo": "0001",
        "merchandisePicture": "https://cdn.daikuan.360.cn/pic/6f3765d8bc9c7654d18820a0e66890b5.png",
        "merchandiseName": "3 nokia 957",
        "orderTime": "2017-1-8 23:25:21",
        "merchandiseCount": "5",
        "loanTerm": "12",
        "orderAmount": "5000.00",
        "orderState": "3",
        "afterSaleButtonFlag":"Y"
      },
      {
        "orderNo": "03",
        "merchandiseNo": "001",
        "specificNo": "0001",
        "merchandisePicture": "https://cdn.daikuan.360.cn/pic/6f3765d8bc9c7654d18820a0e66890b5.png",
        "merchandiseName": "4 nokia 957",
        "orderTime": "2017-1-8 23:25:21",
        "merchandiseCount": "5",
        "loanTerm": "12",
        "orderAmount": "5000.00",
        "orderState": "4",
        "afterSaleButtonFlag":"Y"
      },
      {
        "orderNo": "03",
        "merchandiseNo": "001",
        "specificNo": "0001",
        "merchandisePicture": "https://cdn.daikuan.360.cn/pic/6f3765d8bc9c7654d18820a0e66890b5.png",
        "merchandiseName": "5 nokia 957",
        "orderTime": "2017-1-8 23:25:21",
        "merchandiseCount": "5",
        "loanTerm": "12",
        "orderAmount": "5000.00",
        "orderState": "5",
        "afterSaleButtonFlag":"Y"
      },
      {
        "orderNo": "03",
        "merchandiseNo": "001",
        "specificNo": "0001",
        "merchandisePicture": "https://cdn.daikuan.360.cn/pic/6f3765d8bc9c7654d18820a0e66890b5.png",
        "merchandiseName": "6 nokia 957",
        "orderTime": "2017-1-8 23:25:21",
        "merchandiseCount": "5",
        "loanTerm": "12",
        "orderAmount": "5000.00",
        "orderState": "6",
        "afterSaleButtonFlag":"Y"
      }
    ]
  }
}