{
	"flag": "S",
	"msg": "",
	"code": "",
	"data": {
		"afterSaleList": [
			{
				"afterSaleNo": "1",
				"merchandiseNo": "4313210131312313",
				"specificNo": "1",
				"merchandisePicture": "https://cdn.daikuan.360.cn/pic/6f3765d8bc9c7654d18820a0e66890b5.png",
				"merchandiseName": "A Apple iPhone 7 128G 红色特别版 移动联通电信4G手机",
				"afterSaleType": "1",
				"state": "1",
				"stateDescribe":"我是状态描述",
				"problemDesc": "等额本金",
				"auditMessage": "等额本金",
				"logisticsCompany": "申通",
				"courierNumber": "41231313131123"
			},
			{
				"afterSaleNo": "1",
				"merchandiseNo": "4313210131312313",
				"specificNo": "1",
				"merchandisePicture": "https://cdn.daikuan.360.cn/pic/6f3765d8bc9c7654d18820a0e66890b5.png",
				"merchandiseName": "A Apple iPhone 7 128G 红色特别版 移动联通电信4G手机",
				"afterSaleType": "1",
				"state": "1",
				"stateDescribe":"我是状态描述",
				"problemDesc": "等额本金",
				"auditMessage": "等额本金",
				"logisticsCompany": "申通",
				"courierNumber": "41231313131123"
			}
		]
	}
}